pos_err_mean,pos_err_max,pos_err_rmse,speed_err_mean,speed_err_max,speed_err_rmse
60.97938138769076,130.8196428254759,71.45696132596493,0.24076460128821972,4.093742862317532,0.42115983224764464
